Numéro ID,CLub,Ville ,Ligues,District 
564852,1 G PERFORMANCE,LA GARDE,Mediterrannée ,Var
565054,A SUPPRIMER,LA GARDE,,Var
565055,A SUPPRIMER,LA GARDE,,Var
563802,A. .S. DE L'ESTEREL,ESTEREL LES ADRETS,,Var
530094,A. S. DE SIGNES FOOTBALL CLUB,SIGNES,,Var
882217,A. S. DES DRAGONS ROUGES,DRAGUIGNAN,,Var
553845,A. S. LES VALLONS,LES VALLONS A BARJOLS,,Var
882216,A. S. SCULTT,DRAGUIGNAN,,Var
546251,A.ET.S. BRASSOISE,BRAS,,Var
881475,A.S SIBLAS,LA VALETTE DU VAR,,Var
503035,A.S. ARCOISE,LES ARCS,,Var
500520,A.S. BRIGNOLAISE,BRIGNOLES,,Var
547131,A.S. CALLAS CANTON,CALLAS,,Var
503120,A.S. MAXIMOISE,STE MAXIME,,Var
521673,A.S. PRESQU'ILE GIENS,HYERES GIENS,,Var
547436,A.S. ST CYR,ST CYR SUR MER,,Var
581525,A.S.C. LE LAS FUTSAL,TOULON,,Var
564530,ACADÉMIE CLUB FLAYOSCAISE,FLAY LORGUES,,Var
517383,AM. CARCOISE,CARCES,,Var
882463,AMICALE SPORTIVE LES COLLEGUES DU ROCHER,ROQUEBRUNE SUR ARGENS,,Var
864301,ANIM FC,FREJUS,,Var
565151,AS POURRIÉROISE,POURRIERES,,Var
582291,AS. LA BEAUCAIRE,TOULON,,Var
520691,ASPTT HYERES,HYERES PTT,,Var
503296,ASPTT TOULON,TOULON,,Var
882213,ASSOCIATION FOOTBALL DES ENSEIGNANTS VÉTÉRANS,DRAGUIGNAN,,Var
565010,ASSOCIATION SPORTIVE BAGNOLAISE DE FOOTBALL,BAGNOLS EN FORET,,Var
565208,ASSOCIATION SPORTIVE ENTRECASTELAINE,ENTRECASTEAUX,,Var
565243,ASSOCIATION SPORTIVE SAINTE MUSSE,TOULON,,Var
560995,ATHLECTIC CLUB BERTHE,LA SEYNE SUR MER,,Var
564818,ATHLETIQUE CLUB TOULONNAIS,SIX FOURS LES PLAGES,,Var
533107,AV.S. MAR VIVO,LA SEYNE SUR MER,,Var
565204,AVENIR SPORTIF TOUSEYNOIS,LA SEYNE SUR MER,,Var
528479,BESSE S.,BESSE SUR ISSOLE,,Var
865340,BLACK PANTHERS FUTSAL,LES ARCS,,Var
590261,C. S. DES KING OF VAL DES ROUGIERES,VAL ROUGIERES A HYERES,,Var
535709,C.A. CANNETOIS,CANNET LE LUC,,Var
503060,C.A. ROQUEBRUNOIS,ROQUEBRUNE SUR ARGENS,,Var
554100,CENTRE SOCIAL ET CULTUREL STE MUSSE TOULON EST,TOULON,,Var
565198,CONSTANT SOCCER FC,FREJUS,,Var
865032,DRACENIE FOOT,DRAGUIGNAN,,Var
517390,ENT. PIVOTTE SERINETTE TOULON,TOULON,,Var
550289,ENT. S. AUPS REGUSSE,AU REGUSSE,,Var
510111,ENT.F.C. SEYNOIS ET.S,LA SEYNE SUR MER,,Var
536133,ET. DE CLARET MONTETY,TOULON,,Var
554245,ET. F.C. FREJUS SAINT RAPHAEL,FR ST RAPHAEL,,Var
519051,ET.S. FLASSANNAISE,FLASSANS SUR ISSOLE,,Var
509994,ET.S. LORGUAISE,LORGUES,,Var
560328,ETOILE FUTSAL LUCOIS,LE LUC,,Var
565038,ETOILE SPORTIVE CAMPSOISE,CAMPS LA SOURCE,,Var
538960,EVEIL SPORTIF TOULONNAIS,TOULON,,Var
552716,F. C. DE SAINTE ANASTASIE,STE ANASTASIE SUR ISSOLE,,Var
548692,F.C. BELGENTIEROIS,BELGENTIER,,Var
539774,F.C. DE POURRIERES,POURRIERES,,Var
513460,F.C. GONFARONNAIS,GONFARON,,Var
541133,F.C. GRIMAUDOIS,GRIMAUD,,Var
548270,F.C. PAYS DE FAYENCE,PAYS DE FAYENCE,,Var
516999,F.C. PUGETOIS,PUGET SUR ARGENS,,Var
526881,F.C. RAMATUELLOIS,RAMATUELLE,,Var
521151,F.C. REVESTOIS,LE REVEST LES EAUX,,Var
,,,,Var
535114,F.C. ROCBARON,ROCBARON,,Var
503105,F.C. VIDAUBAN,VIDAUBAN,,Var
545189,F.C.U.S. TROPEZIENNE,ST TROPEZ,,Var
564280,FC PONTCARRAL,TOULON,,Var
560243,FOOTBALL ASSOCIATION FREJUSIENNE,FREJUS,,Var
580961,FOOTBALL CLUB CARNOULES,CARNOULES,,Var
560839,FOOTBALL CLUB LE LAVANDOU BORMES,LE LAVANDOU A BORMES,,Var
564422,FOOTBALL CLUB TOULON CENTRE,TOULON,,Var
864847,FOOTBALL CLUB TOULON OUEST,TOULON,,Var
582377,FREJUS FUTSAL CLUB,FREJUS,,Var
865341,FREJUS SEVEN CLUB,FREJUS,,Var
860641,FRIENDS83,DRAGUIGNAN,,Var
865170,FUTEVOLEI TOULON VAR,TOULON,,Var
565087,FUTNET RAPHAELOIS,ST RAPHAEL,,Var
517381,GAPEAU FOOTBALL CLUB,G SOLLIES LA FARLEDE,,Var
503183,GARDIA C.,LA GARDE,,Var
564625,GERBY FEMININ CLUB FUTSAL,TOULON,,Var
560697,HIBOU ACADEMIE,SOLLIES PONT,,Var
500102,HYERES F.C.,HYERES FC,,Var
581648,INSTITUT M20,TOULON,,Var
554518,ISSOLE FUTSAL CLUB,ROCBARON,,Var
509156,J.S. BEAUSSETANNE,LE BEAUSSET,,Var
564137,JEUNESSE SPORTIVE DE BERTHE,LA SEYNE SUR MER,,Var
865371,LA TORTUE GARDEENNE,TOULON,,Var
548794,LE MUY F.C.,LE MUY,,Var
582496,LITTORAL SPORT ACADEMY,TOULON,,Var
864884,MATES SOCCER,DRAGUIGNAN,,Var
564138,MY IDEAL SOCCER ACADEMY (MISA),MISA A ROQUEBRUNE,,Var
503095,O. SALERNOIS,SALERNES,,Var
535905,O. TARADEEN,TARADEAU,,Var
511632,OLYMPIQUE DE SAINT MAXIMIN,ST MAXIMIN LA STE BAUME,,Var
544898,R.C. LA BAIE,LA CROIX VALMER,,Var
524340,RACING F.C. TOULON,TOULON,,Var
564763,REAL FOOT PROJECT,ST ZACHARIE,,Var
564775,ROCBARON FUTSAL CLUB,ROCBARON,,Var
553782,S. C. DRAGUIGNAN,DRAGUIGNAN,,Var
581755,S. C. ROUGIEROIS,ROUGIERS,,Var
523061,SIX FOURS LE BRUSC F.C.,SIX FOURS LES PLAGES,,Var
882212,SP. C. HOSPITALIER,DRAGUIGNAN,,Var
503315,SP.C. BARJOLAIS,BARJOLS,,Var
500352,SP.C. COGOLINOIS,COGOLIN,,Var
844509,SP.C. DE LA RESERVE,TOULON,,Var
865339,SPORT SANTE SIX FOURS LE BRUSC,SIX FOURS LES PLAGES,,Var
864482,SPORTING CLUB CARCES-COTIGNAC,COTIGNAC,,Var
563544,SPORTING CLUB NANSAIS,NANS LES PINS,,Var
540757,SPORTING CLUB PLANTOURIAN,PLAN DE LA TOUR,,Var
581717,SPORTING CLUB TOULON,TOULON,,Var
582330,SPORTING CLUB TOURVAIN,TOURVES,,Var
563800,SPORTING CLUB VALOIS,LE VAL,,Var
850479,ST MAX FUTSAL,ST MAXIMIN LA STE BAUME,,Var
561032,ST TROPEZ / LA BAIE,ST TROPEZ LA CROIX VALMER,,Var
520685,ST. TRANSIAN,TRANS EN PROVENCE,,Var
503092,ST.O. LONDAIS,LA LONDE,,Var
554499,TOULON EST FUTSAL,TOULON,,Var
565080,TOULON METROPOLE FUTSAL,TOULON,,Var
582354,TOULON TREMPLIN,TOULON,,Var
881010,U. MAHORAISE DE TOULON,TOULON,,Var
554251,U. S. CARQUEIRANNE LA CRAU,CAR LA CRAU,,Var
580844,U. S. DU VAL D'ISSOLE,VAL ISSOLE A GAREOULT,,Var
503322,U.A. VALETTOISE,LA VALETTE DU VAR,,Var
503050,U.S. BANDOLAISE,BANDOL,,Var
529735,U.S. CABASSOISE,CABASSE,,Var
547578,U.S. CADIERENNE,LA CADIERE D AZUR,,Var
545621,U.S. CUERS PIERREFEU,CUERS PIERREFEU DU VAR,,Var
500452,U.S. LUCOISE,LE LUC,,Var
521055,U.S. OLLIOULAISE,OLLIOULES,,Var
513172,U.S. PIGNANTAISE,PIGNANS,,Var
519052,U.S. PRADETANE,LE PRADET,,Var
520228,U.S. RIANS,RIANS,,Var
503215,U.S. SANARYENNE,SANARY SUR MER,,Var
503261,U.S. ST MANDRIER,ST MANDRIER SUR MER,,Var
564707,UNION SPORTIVE ZACHARIENNE,ST ZACHARIE,,Var
521680,USAM TOULON,TOULON SIEGE LA CRAU,,Var
860456,WALLIS ET FUTUNA FREJUS BEACH SOCCER WFFBS,FREJUS,,Var
790343,A. S. DE MONACO FOOTBALL FEMININ,MONACO,,Alpes-Maritimes
538595,A.OM. TOURRETTE LEVENS,TOURRETTE LEVENS,,Alpes-Maritimes
533298,A.S. BAT.TRA.PUB. COTE AZUR NICE,NICE,,Alpes-Maritimes
500117,A.S. CANNES,CANNES,,Alpes-Maritimes
517305,A.S. DE LA FONTONNE ANTIBES,ANTIBES,,Alpes-Maritimes
540060,A.S. DE LA ROYA,FONTAN,,Alpes-Maritimes
524142,A.S. DE SOSPEL,MOULINET,,Alpes-Maritimes
552888,A.S. DES MOULINS,NICE,,Alpes-Maritimes
500091,A.S. MONACO F.C.,MONACO,,Alpes-Maritimes
528721,A.S. ROQUEBILLIERE,ROQUEBILLIERE,,Alpes-Maritimes
503038,A.S. ROQUEBRUNE CAP MARTIN,ROQUEBRUNE CAP MARTIN,,Alpes-Maritimes
523610,A.S. ROQUEFORTOISE,ROQUEFORT LES PINS,,Alpes-Maritimes
538693,A.S. ST MARTIN DU VAR,ST MARTIN DU VAR,,Alpes-Maritimes
539806,A.S. TRAMINOTS ALPES MARITIMES,NICE,,Alpes-Maritimes
503103,A.S. VENCOISE,VENCE,,Alpes-Maritimes
614732,A.S.C. HOSP. ANTIBES JUAN L/PINS,ANTIBES,,Alpes-Maritimes
603720,A.S.L. MUNICIPAUX CANNES,CANNES,,Alpes-Maritimes
614729,AMADEUS A.A.,VALBONNE,,Alpes-Maritimes
563755,AS CAGNES LE CROS FOOTBALL,CAGNES SUR MER,,Alpes-Maritimes
552283,AS FALICON,FALICON,,Alpes-Maritimes
581720,ASM FUTSAL,MONACO,,Alpes-Maritimes
614927,ASPTT CAGNES S/MER,CAGNES SUR MER,,Alpes-Maritimes
503336,ASPTT NICE,NICE,,Alpes-Maritimes
553402,ASSOCIATION CULTURES ET AVENIR,CANNES,,Alpes-Maritimes
564635,ASSOCIATION SPORTIVE DU DIOCESE DE NICE,NICE,,Alpes-Maritimes
664894,ASSOCIATION SPORTIVE STELLA CORSA NICE,NICE,,Alpes-Maritimes
560620,ASSOCIATION SPORTIVE VALLEROISE DU FOOTBALL,ST VALLIER DE THIEY,,Alpes-Maritimes
545053,AVENIR SPORTIF LEVENSOIS,LEVENS,,Alpes-Maritimes
542525,C.D.J BAR SUR LOUP,LE BAR SUR LOUP,,Alpes-Maritimes
551141,CANNES FUTSAL,CANNES,,Alpes-Maritimes
,,,,Alpes-Maritimes
564464,CASTEL FOOTBALL CLUB,NICE,,Alpes-Maritimes
503079,CAVIGAL NICE S.,NICE,,Alpes-Maritimes
541495,CERC.ART.S. DES EAUX,NICE,,Alpes-Maritimes
515811,CERCLE ATHLÉTIQUE PEYMEINADE,PEYMEINADE,,Alpes-Maritimes
660242,CLUB DES SPORTS VESUBIE SECTION FOOTBALL,ST MARTIN VESUBIE,,Alpes-Maritimes
547759,DRAP FOOTBALL,DRAP,,Alpes-Maritimes
538592,ENT. CONQUE MADELEINE VICTORINE,NICE,,Alpes-Maritimes
550242,ENT. S. DES BAOUS F.,LA GAUDE,,Alpes-Maritimes
503433,ENT. ST SYLVESTRE NICE NORD,NICE,,Alpes-Maritimes
503086,ENT.S. DU CANNET ROCHEVILLE,CANNET LE,,Alpes-Maritimes
552848,ENT.S. LUCERAMOISE,LUCERAM,,Alpes-Maritimes
511513,ET. DE MENTON,MENTON,,Alpes-Maritimes
512806,ET.S. CONTOISE,CONTES,,Alpes-Maritimes
526875,ET.S. ST ANDRE,ST ANDRE,,Alpes-Maritimes
553385,EURO AFRICAN ASSOCIATION,NICE,,Alpes-Maritimes
590190,F. C. DE CIMIEZ,NICE,,Alpes-Maritimes
852266,F. C. FELLOW NICE,NICE,,Alpes-Maritimes
515315,F.C. BEAUSOLEIL,BEAUSOLEIL,,Alpes-Maritimes
512382,F.C. D'ANTIBES JUAN LES PINS,ANTIBES,,Alpes-Maritimes
526551,F.C. DE CARROS,CARROS,,Alpes-Maritimes
540646,F.C. DE FOURNAS VALLAURIS,VALLAURIS,,Alpes-Maritimes
528997,F.C. DE MOUGINS COTE D'AZUR,MOUGINS,,Alpes-Maritimes
514129,F.C. DES VALLEES VAR VAIRE,PUGET THENIERS,,Alpes-Maritimes
535108,F.C. GOLFE JUAN VALLAURIS,VALLAURIS,,Alpes-Maritimes
611329,F.C.MUNICIPAUX COM.ART.CAGNES S/,CAGNES SUR MER,,Alpes-Maritimes
564031,FOOTBALL CLUB CANNES RANGUIN,CANNES,,Alpes-Maritimes
864399,FOOTBALL CLUB COLOMARS,COLOMARS,,Alpes-Maritimes
590344,FOOTBALL CLUB DU TIGNET,LE TIGNET,,Alpes-Maritimes
565305,FOOTBALL CLUB GRIFFON,ST LAURENT DU VAR,,Alpes-Maritimes
564484,FOOTBALL CLUB LA COLLE SUR LOUP,LA COLLE SUR LOUP,,Alpes-Maritimes
560726,FOOTBALL CLUB SAINT CÉZAIRE,ST CEZAIRE SUR SIAGNE,,Alpes-Maritimes
537741,GAZELEC S. NICE,NICE,,Alpes-Maritimes
560750,GROUPEMENT JEUNES ET FEMININS LEVENS FALICON,LEVENS,,Alpes-Maritimes
560659,GROUPEMENT JEUNES O. ANTIBES JUAN LES PINS,ANTIBES,,Alpes-Maritimes
614580,GRPT S. EMPLOYES MUNICIPAUX NICE,NICE,,Alpes-Maritimes
565302,HESSAI 06,NICE,,Alpes-Maritimes
561109,INTER CANNES,CANNES,,Alpes-Maritimes
528236,J.S. JUAN LES PINS,ANTIBES,,Alpes-Maritimes
565171,JEUNESSE AZURÉENNE,CAGNES SUR MER,,Alpes-Maritimes
665006,L'AFTER,NICE,,Alpes-Maritimes
561116,L'ÉQUIPE NIÇOISE ACADÉMIE,NICE,,Alpes-Maritimes
582719,LA SEMEUSE,NICE,,Alpes-Maritimes
564920,LES AILES DE L'ESPOIR FOOTBALL CLUB,NICE,,Alpes-Maritimes
549019,MACCABI OSI NICE,NICE,,Alpes-Maritimes
582024,MANDELIEU FUTSAL-ACADEMY,MANDELIEU LA NAPOULE,,Alpes-Maritimes
565169,MONACO UNITED,MONACO,,Alpes-Maritimes
536117,MONTET BORNALA C. NICE,NICE,,Alpes-Maritimes
553638,NICE FUTSAL CLUB,NICE,,Alpes-Maritimes
545663,O. SUQUETAN CANNES CROISETTE,CANNES,,Alpes-Maritimes
549012,O.C. BLAUSASC,BLAUSASC,,Alpes-Maritimes
500208,O.G.C. NICE COTE D'AZUR,NICE,,Alpes-Maritimes
552737,OLYMPIQUE D'ANTIBES JUAN LES PINS - CDJ FOOT,ANTIBES,,Alpes-Maritimes
561247,PEILLE FOOTBALL CLUB,PEILLE,,Alpes-Maritimes
500420,RACING CLUB DE GRASSE,GRASSE,,Alpes-Maritimes
503043,RAPID OM. DE MENTON,MENTON,,Alpes-Maritimes
550291,REV.S. ST ISIDORE,NICE,,Alpes-Maritimes
582176,RIVIERA FOOTBALL CLUB,ST JEAN CAP FERRAT,,Alpes-Maritimes
665159,SAN JOSE FOOTBALL CLUB,NICE,,Alpes-Maritimes
514073,SP.C. MOUANS SARTOUX,MOUANS SARTOUX,,Alpes-Maritimes
521053,ST. DE VALLAURIS,VALLAURIS,,Alpes-Maritimes
,,,,Alpes-Maritimes
503178,ST. LAURENTIN ST LAURENT DU VAR,ST LAURENT DU VAR,,Alpes-Maritimes
537167,ST.O. ROQUETTAN,LA ROQUETTE SUR SIAGNE,,Alpes-Maritimes
564411,TENNIS BALLON VALLAURIS GOLFE JUAN,VALLAURIS,,Alpes-Maritimes
609905,THALES CANNES F.C.,CANNES,,Alpes-Maritimes
539820,TOURRETTES SUR LOUP F.,TOURRETTES SUR LOUP,,Alpes-Maritimes
527127,TRINITE SPORTS FOOTBALL CLUB,LA TRINITE,,Alpes-Maritimes
560244,TROSPORT,NICE,,Alpes-Maritimes
522570,U.S. BIOTOISE,BIOT,,Alpes-Maritimes
503513,U.S. CANNES BOCCA O.,CANNES,,Alpes-Maritimes
521872,U.S. CAP D'AIL,CAP D AIL,,Alpes-Maritimes
509870,U.S. MANDELIEU LA NAPOULE,MANDELIEU LA NAPOULE,,Alpes-Maritimes
519115,U.S. PEGOMAS,PEGOMAS,,Alpes-Maritimes
519972,U.S. TURBIASQUE,LA TURBIE,,Alpes-Maritimes
510099,U.S. VALBONNE SOPHIA ANTIPOLIS,VALBONNE,,Alpes-Maritimes
565332,US ARMENIENNE DE NICE,NICE,,Alpes-Maritimes
582699,USONAC ST ROCH VIEUX NICE,NICE,,Alpes-Maritimes
565331,VENCE FUTSAL,VENCE,,Alpes-Maritimes
564488,VILLENEUVE LOUBET FOOTBALL,VILLENEUVE LOUBET,,Alpes-Maritimes
554311,A. GEST.ANIM.CENTRE SOCIOCULTUREL DEL RIO,MARSEILLE 15,,Bouche du rhône 
590431,A. S. C. VIVAUX SAUVAGERE 10ÈME,MARSEILLE 10,,Bouche du rhône 
581246,A. S. DES CINQ AVENUES LONGCHAMP,MARSEILLE 04,,Bouche du rhône 
548209,A. S. LA BOMBARDIERE,MARSEILLE 12,,Bouche du rhône 
539552,A. S. MARSEILLAISE ST LOUP 10ÈME ARRONDISSEMENT,MARSEILLE 10,,Bouche du rhône 
580438,A. S. MARTIGUES SUD,MARTIGUES,,Bouche du rhône 
520390,A.AM.S. VAL ST ANDRE,AIX EN PROVENCE,,Bouche du rhône 
500490,A.C. PORT DE BOUC,PORT DE BOUC,,Bouche du rhône 
503055,A.S. CHARLEVALOISE,CHARLEVAL,,Bouche du rhône 
547786,A.S. DE COUDOUX,COUDOUX,,Bouche du rhône 
518961,A.S. GEMENOSIENNE,GEMENOS,,Bouche du rhône 
503249,A.S. GRANSOISE,GRANS,,Bouche du rhône 
547781,A.S. LA DELORME,MARSEILLE 15,,Bouche du rhône 
500508,A.S. MAZARGUES,MARSEILLE 09,,Bouche du rhône 
503176,A.S. ROGNAC,ROGNAC,,Bouche du rhône 
528834,A.S.C. DE LA BATARELLE,MARSEILLE 13,,Bouche du rhône 
541714,A.S.C. DE PEYPIN,PEYPIN,,Bouche du rhône 
520686,A.S.STE MARGUERITE,MARSEILLE 09,,Bouche du rhône 
605499,AILES SPORTIVES AIRBUS HELICOPTERS,MARIGNANE,,Bouche du rhône 
513931,AIX UNIVERSITE C.F.,AIX EN PROVENCE,,Bouche du rhône 
564307,AMICALE DES JEUNES DE LA CABUCELLE,MARSEILLE 15,,Bouche du rhône 
503374,ASPTT MARSEILLE,MARSEILLE 08,,Bouche du rhône 
560320,ASSOCIATION EQUIPEMENTS COLLECTIFS LA CASTELLANE,MARSEILLE,,Bouche du rhône 
560561,ASSOCIATION SPORT CULTURE VALLEE DE L'HUVEAUNE,MARSEILLE 11,,Bouche du rhône 
561136,ASSOCIATION SPORTIVE BELLE DE MAI - JOLIETTE,MARSEILLE 03,,Bouche du rhône 
542615,ASSOCIATION SPORTIVE D'AIX-EN-PROVENCE,AIX EN PROVENCE,,Bouche du rhône 
860242,ASSOCIATION SPORTIVE D'ALLEINS,ALLEINS,,Bouche du rhône 
524915,ASSOCIATION SPORTIVE DE PROVENCE,PEYROLLES EN PROVENCE,,Bouche du rhône 
564977,ASSOCIATION SPORTIVE DES OUVRIERS DE L'USINE,MARSEILLE 10,,Bouche du rhône 
564644,ASSOCIATION SPORTIVE DES TALENTS FRANCO-SOUDANAIS,MARSEILLE,,Bouche du rhône 
,,,,Bouche du rhône 
564647,ASSOCIATION SPORTIVE ET CULTURELLE LA ROSE,MARSEILLE,,Bouche du rhône 
560906,ASSOCIATION SPORTIVE FLAMANTS MERLAN,MARSEILLE 13,,Bouche du rhône 
550456,ASSOCIATION SPORTIVE FUTSAL SUD,MARSEILLE 15,,Bouche du rhône 
560686,ASSOCIATION SPORTIVE LA CIOTAT,LA CIOTAT,,Bouche du rhône 
582456,ASSOCIATION SPORTIVE MIRAMAS,MIRAMAS,,Bouche du rhône 
564427,ASSOCIATION TENNIS BALLON SOLIDAIRE,AUBAGNE,,Bouche du rhône 
500116,ATHLETIC CLUB ARLESIEN,ARLES,,Bouche du rhône 
561183,ATHLETIC CLUB ISTRES RASSUEN,ISTRES,,Bouche du rhône 
590233,ATHLETIC SPORT BUSSERINE,MARSEILLE 15,,Bouche du rhône 
521264,AV.S. DES AYGALADES CASTELLAS,MARSEILLE 15,,Bouche du rhône 
503270,AV.S. MEYRARGUAIS,MEYRARGUES,,Bouche du rhône 
517380,AVENIR SIMIANE BOUC BEL AIR,BOUC BEL AIR,,Bouche du rhône 
541775,BERRE SP.C.,BERRE L ETANG,,Bouche du rhône 
510194,BUREL F.C.,MARSEILLE 13,,Bouche du rhône 
509573,C.A. CROIX SAINTE,MARTIGUES,,Bouche du rhône 
500094,C.A. GOMBERTOIS,MARSEILLE 13,,Bouche du rhône 
500055,C.A. MARSEILLE PHENIX VALENTINOIS,MARSEILLE 11,,Bouche du rhône 
503264,C.A. PLAN DE CUQUES M.J.C.,PLAN DE CUQUES,,Bouche du rhône 
524550,C.S. MONTOLIVET BOIS LUZY,MARSEILLE 12,,Bouche du rhône 
590637,CARNOUX F. C.,CARNOUX EN PROVENCE,,Bouche du rhône 
590182,ECOLE DE FOOTBALL DE LA SILVACANE,LA ROQUE D ANTHERON,,Bouche du rhône 
503073,ENT. U.G.A. A.S. ARDZIV MARSEIL.,MARSEILLE 12,,Bouche du rhône 
542769,ENT.S. DU BASSIN MINIER,CADOLIVE,,Bouche du rhône 
500219,ENT.S. SALINS DE GIRAUD,ARLES,,Bouche du rhône 
527120,EOURES CAMOINS TREILLE S.,MARSEILLE 11,,Bouche du rhône 
552240,ESPOIR SPORTIF DE VITROLLES,VITROLLES,,Bouche du rhône 
580658,ET. S. ARLESIENNE,ARLES,,Bouche du rhône 
553155,ET. S. DE GREASQUE,GREASQUE,,Bouche du rhône 
519044,ET.S. CUGES,CUGES LES PINS,,Bouche du rhône 
528835,ET.S. D'ENTRESSEN ISTRES,ISTRES,,Bouche du rhône 
503033,ET.S. DE LA CIOTAT,LA CIOTAT,,Bouche du rhône 
503061,ET.S. FOSSEENNE,FOS SUR MER,,Bouche du rhône 
503051,ET.S. MILLOISE,AIX EN PROVENCE,,Bouche du rhône 
503039,ET.S. PORT ST LOUIS DU RHONE,PORT ST LOUIS DU RHONE,,Bouche du rhône 
747057,F. ASSOCIATION MARSEILLE FEMININ,MARSEILLE 11,,Bouche du rhône 
551201,F. C. AIXOIS,AIX EN PROVENCE,,Bouche du rhône 
563534,F. C. ALGERIEN,MARSEILLE 15,,Bouche du rhône 
590220,F. C. BLANCARDE CHARTREUX,MARSEILLE 04,,Bouche du rhône 
551875,F. C. DE L'ETOILE ET DE L'HUVEAUNE,AURIOL,,Bouche du rhône 
563526,F. C. LOISIRS MALPASSE,MARSEILLE 13,,Bouche du rhône 
563781,F. C. ROUSSET STE VICTOIRE OMNISPORTS,ROUSSET,,Bouche du rhône 
553107,F. C. ST MITRE LES REMPARTS,ST MITRE LES REMPARTS,,Bouche du rhône 
503154,F.C. CHATEAUNEUF LA MEDE,CHATEAUNEUF LES MARTIGUES,,Bouche du rhône 
545844,F.C. ENSUES LA REDONNE 89,ENSUES,,Bouche du rhône 
534689,F.C. FUVEAU PROVENCE,FUVEAU,,Bouche du rhône 
530657,F.C. ISTRES RASSUEN,ISTRES,,Bouche du rhône 
503089,F.C. LAMBESCAIN,LAMBESC,,Bouche du rhône 
503044,F.C. MARTIGUES,MARTIGUES,,Bouche du rhône 
514570,F.C. ROGNES,ROGNES,,Bouche du rhône 
547115,F.C. ROQUEFORT LA BEDOULE,ROQUEFORT LA BEDOULE,,Bouche du rhône 
525769,F.C. ST VICTORET,ST VICTORET,,Bouche du rhône 
548328,F.O. VENTABRENNAIS,VENTABREN,,Bouche du rhône 
581308,FCB LES OLIVES,MARSEILLE 13,,Bouche du rhône 
564965,FOOTBALL CLUB BABA,MARSEILLE,,Bouche du rhône 
565068,FOOTBALL CLUB COTE BLEUE CARRY SAUSSET,CARRY LE ROUET,,Bouche du rhône 
582600,FOOTBALL CLUB DE VERNEGUES,VERNEGUES,,Bouche du rhône 
865084,FOOTBALL CLUB DES FIZIOS,MARSEILLE,,Bouche du rhône 
564714,FOOTBALL CLUB LANCONNAIS,LANCON PROVENCE,,Bouche du rhône 
550560,FOOTBALL CLUB LE THOLONET,LE THOLONET,,Bouche du rhône 
582589,FOOTBALL CLUB MIRAMAS,MIRAMAS,,Bouche du rhône 
564463,FOOTBALL CLUB NUEVE 09,MARSEILLE,,Bouche du rhône 
564624,FOOTBALL CLUB PROVENCAL,ARLES - MAS THIBERT,,Bouche du rhône 
553079,FOOTBALL CLUB SEPTEMES CONSOLAT,SEPTEMES LES VALLONS,,Bouche du rhône 
590568,FUTSAL CLUB PORT DE BOUC,PORT DE BOUC,,Bouche du rhône 
582298,GARDANNE BIVER F. C.,GARDANNE,,Bouche du rhône 
560977,GRAND SAINT BARTHELEMY OMNISPORTS,MARSEILLE 14,,Bouche du rhône 
560175,GROUPEMENT FEMININ MIRAGRANS,MIRAMAS,,Bouche du rhône 
560831,GROUPEMENT FEMININ MIRAGRANS,MIRAMAS,,Bouche du rhône 
560560,GROUPEMENT JEUNES FUVEAU GREASQUE,FUVEAU,,Bouche du rhône 
560798,GROUPEMENT JEUNES LUYNES SPORTS AIX UNIVERSITE,AIX EN PROVENCE,,Bouche du rhône 
501523,ISTRES F. C.,ISTRES,,Bouche du rhône 
522717,J.O. ST GABRIEL,MARSEILLE 14,,Bouche du rhône 
514609,J.S. ARMENIENNE ST ANTOINE,MARSEILLE 15,,Bouche du rhône 
541774,J.S. DES PENNES MIRABEAU,LES PENNES MIRABEAU,,Bouche du rhône 
522238,J.S. ISTREENNE,ISTRES,,Bouche du rhône 
524039,J.S. PUY STE REPARADE,LE PUY STE REPARADE,,Bouche du rhône 
503177,J.S. ST JULIEN,MARSEILLE 12,,Bouche du rhône 
560157,JEUNESSE DE GRIFFEUILLE,ARLES,,Bouche du rhône 
547761,L'ENTENTE SPORTIVE PENNOISE,LA PENNE SUR HUVEAUNE,,Bouche du rhône 
541530,LANCON SIBOURG SP.,LANCON PROVENCE,,Bouche du rhône 
551340,LE FOOTBALL CLUB ROUGUIERE,MARSEILLE 11,,Bouche du rhône 
564942,LE PARC FOOTBALL CLUB,MARSEILLE,,Bouche du rhône 
508558,LUYNES S.,AIX EN PROVENCE,,Bouche du rhône 
565160,MACCABI SPORTS MARSEILLE,MARSEILLE,,Bouche du rhône 
581799,MARIGNANE GIGNAC CÔTE BLEUE FC,MARIGNANE,,Bouche du rhône 
563764,MARSEILLE BEACH TEAM,MARSEILLE 09,,Bouche du rhône 
564448,MARSEILLE FUTSAL CLUB,MARSEILLE,,Bouche du rhône 
540384,MARSEILLE SUD O. ROY D'ESPAGNE,MARSEILLE 08,,Bouche du rhône 
564489,MH&KL PRODUCTION,MARSEILLE,,Bouche du rhône 
549957,MINOTS DE MARSEILLE,MARSEILLE 13,,Bouche du rhône 
560821,NORD OLYMPIQUE,MARSEILLE 14,,Bouche du rhône 
524031,O. CABRIES CALAS,CABRIES,,Bouche du rhône 
500083,O. DE MARSEILLE - O.M.,MARSEILLE 12,,Bouche du rhône 
503182,O. MALLEMORTAIS,MALLEMORT,,Bouche du rhône 
530383,O. ROVENAIN,LE ROVE,,Bouche du rhône 
553953,OLYMPIQUE DE PEYNIER,PEYNIER,,Bouche du rhône 
554285,PHOCEA CLUB,MARSEILLE 10,,Bouche du rhône 
581425,S. C. CAYOLLE,MARSEILLE 09,,Bouche du rhône 
503037,S.A. ST ANTOINE,MARSEILLE 15,,Bouche du rhône 
545903,S.C. VITROLLES,VITROLLES,,Bouche du rhône 
503326,S.O. CAILLOLAIS,MARSEILLE 12,,Bouche du rhône 
503521,S.O. DE SEPTEMES,SEPTEMES LES VALLONS,,Bouche du rhône 
553103,SAINT HENRI F.C.,MARSEILLE 15,,Bouche du rhône 
551298,SALON BEL AIR FOOT,SALON DE PROVENCE,,Bouche du rhône 
582665,SALON NORD,SALON DE PROVENCE,,Bouche du rhône 
581079,SOC. C. O.SAINTE MARGUERITE,MARSEILLE 09,,Bouche du rhône 
764417,SOCCER CLUB AIX EN PROVENCE FÉMININ,AIX EN PROVENCE,,Bouche du rhône 
541758,SP. DE PONT DE CRAU,ARLES,,Bouche du rhône 
503153,SP.C. EYGUIERES,EYGUIERES,,Bouche du rhône 
500381,SP.C. MONTREDON BONNEVEINE,MARSEILLE 08,,Bouche du rhône 
525115,SP.C. ST CANNAT,ST CANNAT,,Bouche du rhône 
503040,SP.C. ST MARTINOIS,ST MARTIN DE CRAU,,Bouche du rhône 
564454,SPORTING ATHLETICO MARSEILLE,MARSEILLE 09,,Bouche du rhône 
549974,SPORTING CLUB AIX EN PROVENCE,AIX EN PROVENCE,,Bouche du rhône 
503053,SPORTING CLUB AUBAGNE AIR BEL,AUBAGNE,,Bouche du rhône 
554101,SPORTING CLUB D'ALLAUCH,ALLAUCH,,Bouche du rhône 
560307,SPORTING CLUB DE LA SOUDE,MARSEILLE 09,,Bouche du rhône 
541115,SPORTING CLUB FRAIS VALLON,MARSEILLE 13,,Bouche du rhône 
554117,SPORTING CLUB KARTALA,MARSEILLE 03,,Bouche du rhône 
500428,ST. MARSEILLAIS UNI.C.,MARSEILLE 08,,Bouche du rhône 
547731,STADE OLYMPIQUE DE CASSIS,CASSIS,,Bouche du rhône 
580972,STADE SAINT SERROIS PUYLOUBIER,PUYLOUBIER,,Bouche du rhône 
503340,STE S. DE ST CHAMAS,ST CHAMAS,,Bouche du rhône 
514704,STE S. LAMANONAISE,LAMANON,,Bouche du rhône 
524426,U.S. 1ER CANTON,MARSEILLE 04,,Bouche du rhône 
521890,U.S. CHEMINOTS GRANDE BASTIDE,MARSEILLE 12,,Bouche du rhône 
503530,U.S. DE PUYRICARD,AIX EN PROVENCE,,Bouche du rhône 
503381,U.S. DES TRAMWAYS,SEPTEMES LES VALLONS,,Bouche du rhône 
521411,U.S. EGUILLENNE,EGUILLES,,Bouche du rhône 
510913,U.S. FARENQUE,LA FARE LES OLIVIERS,,Bouche du rhône 
503071,U.S. MARSEILLE ENDOUME CATALANS,MARSEILLE 07,,Bouche du rhône 
514901,U.S. MICHELIS,MARSEILLE 11,,Bouche du rhône 
503258,U.S. MINEURS DE MEYREUIL,MEYREUIL,,Bouche du rhône 
545635,U.S. MIRAMAS,MIRAMAS,,Bouche du rhône 
520224,U.S. PELICAN,PELISSANNE,,Bouche du rhône 
500092,U.S. PERS.ELECT.GAZ MARSEILLE,MARSEILLE 10,,Bouche du rhône 
529730,U.S. SAINT BARTHELEMY MARSEILLAIS,MARSEILLE 14,,Bouche du rhône 
503058,U.S. TRETSOISE,TRETS,,Bouche du rhône 
518912,U.S. VELAUXIENNE,VELAUX,,Bouche du rhône 
523121,U.S. VENELLOISE,VENELLES,,Bouche du rhône 
537919,U.S.C. DE ROUVIERE MARSEILLE,MARSEILLE 09,,Bouche du rhône 
565352,UNION SPORTIVE DES CROULANTS D'ARLES,ARLES,,Bouche du rhône 
560907,USC ROCASSIERE,LA ROQUE D ANTHERON,,Bouche du rhône 
560376,VISION FOOT ACADEMIE,ARLES,,Bouche du rhône 
582678,VOYONS PLUS LOIN,MARSEILLE 03,,Bouche du rhône 
554445,A. S. DE FOOTBALL TALLARD,TALLARD,,Alpes de haute provence 
509187,A.S. EMBRUNAISE,EMBRUN,,Alpes de haute provence 
503115,A.S. FORCALQUIER,FORCALQUIER,,Alpes de haute provence 
530962,A.S. ST ANDRE ALPES CASTELLANE,ST ANDRE LES ALPES,,Alpes de haute provence 
560381,ACADÉMIE SPORTIVE DES ALPES,MANOSQUE,,Alpes de haute provence 
547456,ALLIANCE F. CHAMPSAUR VALGAUDEMAR,CHABOTTES,,Alpes de haute provence 
548688,ALLIANCE S. VALENSOLE GREOUX,GREOUX LES BAINS,,Alpes de haute provence 
581681,AM. F.C. SAINTE TULLE PIERREVERT,PIERREVERT,,Alpes de haute provence 
865098,ASSOCIATION SCR RIEZOIS,RIEZ,,Alpes de haute provence 
546351,ASSOCIATION SPORTIVE DAUPHIN FOOTBALL,ST MAIME,,Alpes de haute provence 
527273,BARCELONNETTE F.C.,BARCELONNETTE,,Alpes de haute provence 
503335,C.A. DIGNE 04 F.,DIGNE LES BAINS,,Alpes de haute provence 
536374,C.O. ST MARTINOIS ST MARTIN BROM,ST MARTIN DE BROMES,,Alpes de haute provence 
564774,CHORGES OLYMPIQUE,CHORGES,,Alpes de haute provence 
503076,ENT. PROVENCALE DE MANOSQUE,MANOSQUE,,Alpes de haute provence 
536622,ENT.S. BANONAISE,BANON,,Alpes de haute provence 
861134,ETOILE SPORTIVE RIBIEROISE,CHATEAUNEUF DE CHABRE,,Alpes de haute provence 
581073,F. C. MALIJAI,MALIJAI,,Alpes de haute provence 
503085,F.C. DE SISTERON,SISTERON,,Alpes de haute provence 
537176,F.C. LA SAULCE,LA SAULCE,,Alpes de haute provence 
531812,F.C. LE BRUSQUET,LE BRUSQUET,,Alpes de haute provence 
511448,F.C. VOLONNAIS,VOLONNE,,Alpes de haute provence 
590328,FOOTBALL CLUB CERESTE REILLANNE,ST MICHEL L OBSERVATOIRE,,Alpes de haute provence 
535110,FOOTBALL-CLUB MISONNAIS,MISON,,Alpes de haute provence 
552990,FUTSAL DIGNOIS,DIGNE LES BAINS,,Alpes de haute provence 
563745,GAP FOOT 05,GAP,,Alpes de haute provence 
582195,GROUPEMENT FEMININ DES ALPES,LARAGNE MONTEGLIN,,Alpes de haute provence 
564823,GROUPEMENT JEUNE VILLENEUVE VOLX ORAISON,VILLENEUVE,,Alpes de haute provence 
564820,GROUPEMENT JEUNESSE DU BASSIN DU LARGUE,ST MICHEL L OBSERVATOIRE,,Alpes de haute provence 
522064,L'ARGENTIERE SP.,L ARGENTIERE LA BESSEE,,Alpes de haute provence 
,,,,Alpes de haute provence 
551239,L'AVANCE F. C.,CHORGES,,Alpes de haute provence 
535714,LA ROCHE SPORTS,LA ROCHE DES ARNAUDS,,Alpes de haute provence 
504244,LARAGNE SP.,LARAGNE MONTEGLIN,,Alpes de haute provence 
582524,MOUVEMENT VERS UNE RURALITE SPORTIVE,ORAISON,,Alpes de haute provence 
547646,O.BRIANCON SERRE CHEVALIER,BRIANCON,,Alpes de haute provence 
503424,ORAISON SP.,ORAISON,,Alpes de haute provence 
503300,SPORTING CLUB VINONNAIS,VINON SUR VERDON,,Alpes de haute provence 
529001,ST CREPIN EYGLIERS SP.,ST CREPIN,,Alpes de haute provence 
590247,U. S. VIVO 04,VILLENEUVE,,Alpes de haute provence 
541618,U.S. AIGLUN F.,AIGLUN,,Alpes de haute provence 
534156,U.S. CHATEAUNEUF AUBIGNOSC PEIPI,PEIPIN,,Alpes de haute provence 
535330,U.S. LA BLANCHE SEYNE LES ALPES,SEYNE,,Alpes de haute provence 
550584,UNION SPORTIVE MOYENNE DURANCE,CHATEAU ARNOUX ST AUBAN,,Alpes de haute provence 
500387,UNION SPORTIVE VEYNES SERRES FOOTBALL,VEYNES,,Alpes de haute provence 
523884,A.C.S. MORIERES LES AVIGNON,MORIERES LES AVIGNON,,Vaucluse 
512627,A.R.C. CAVAILLON,CAVAILLON,,Vaucluse 
519633,A.S. PIOLENCOISE,PIOLENC,,Vaucluse 
525205,A.S. RASTEAU,RASTEAU,,Vaucluse 
517701,AC VEDENE LE PONTET,VEDENE,,Vaucluse 
864341,AMICALE SPORTIVE ENTREPRISES ET ADM AVIGNONNAISES,AVIGNON,,Vaucluse 
560681,AS VALAYANNAISE,VEDENE,,Vaucluse 
764845,ASSOCIATION DE FOOTBALL FÉMININ DE MONDRAGON,MONDRAGON,,Vaucluse 
552220,AV. C. AVIGNONNAIS,AVIGNON,,Vaucluse 
528992,AV.S. BEDARRIDAIS,BEDARRIDES,,Vaucluse 
503135,AV.S. CAMARETOIS,CAMARET SUR AIGUES,,Vaucluse 
523707,AV.S. RICHERENCHES,RICHERENCHES,,Vaucluse 
516547,AV.S. VIOLESIEN,CAMARET SUR AIGUES,,Vaucluse 
582505,AVENIR GOULT ROUSSILLON,ROUSSILLON,,Vaucluse 
503332,BOXELAND C. ISLOIS,L'ISLE SUR LA SORGUE,,Vaucluse 
590239,CALAVON F. C.,TAILLADES,,Vaucluse 
565182,CAUMONT FOOTBALL 84,CAUMONT SUR DURANCE,,Vaucluse 
525402,CHEMINOT F.C. AVIGNON,AVIGNON,,Vaucluse 
565106,CLUB FUTSAL CARPENTRAS,CARPENTRAS,,Vaucluse 
503067,COMETE S. SARRIANS,SARRIANS,,Vaucluse 
553582,DENTELLES F. C.,SABLET,,Vaucluse 
526381,ECOLE MUNICIPALE ANGLOISE DE F.,LES ANGLES,,Vaucluse 
516454,ENT.J. GALIA C. GRAVESON,GRAVESON,,Vaucluse 
517590,ENTENTE ST JEAN DU GRES,FONTVIEILLE,,Vaucluse 
503583,ESPE. SORGUAISE,SORGUES,,Vaucluse 
519222,ET.S. BOULBON,BOULBON,,Vaucluse 
521410,ET.S.CUCURONNAISE,CUCURON,,Vaucluse 
765006,ETOILE D'AUBUNE FÉMININE,BEAUMES DE VENISE,,Vaucluse 
553280,ETOILE SPORTIVE AUBIGNANAISE,AUBIGNAN,,Vaucluse 
514221,F.A. CHATEAURENARD,CHATEAURENARD,,Vaucluse 
,,,,Vaucluse 
517868,F.A. VAL DURANCE,SENAS,,Vaucluse 
527518,F.C. AUREILLOIS,AUREILLE,,Vaucluse 
529753,F.C. BONNIEUX,GARGAS,,Vaucluse 
503290,F.C. CARPENTRAS,CARPENTRAS,,Vaucluse 
526491,F.C. CHEVAL BLANC,CHEVAL BLANC,,Vaucluse 
838930,F.C. DES JOUGAIOUNS AVIGNON,AVIGNON,,Vaucluse 
738985,F.C. FEMININ MONTEUX,MONTEUX,,Vaucluse 
530958,F.C. PALUNAIS,NOVES,,Vaucluse 
514399,F.C. TARASCON,TARASCON,,Vaucluse 
528518,F.C. VIGNERES,CAVAILLON,,Vaucluse 
524768,F.C. VILLENEUVE,VILLENEUVE LES AVIGNON,,Vaucluse 
529755,F.C.MOLLEGES EYGALIERES,MOLLEGES,,Vaucluse 
564474,FC ALPILLES,MAUSSANE LES ALPILLES,,Vaucluse 
564568,FC ENTRAIGUES ALTHEN,ENTRAIGUES SUR LA SORGUE,,Vaucluse 
564750,FOOT 5 ACADEMIE,JONQUERETTES,,Vaucluse 
581989,FOOTBALL CLUB AVIGNON,AVIGNON,,Vaucluse 
865008,FOOTBALL CLUB JEUNES VIOLES,VIOLES,,Vaucluse 
760624,FOOTBALL CLUB PERNES FEMININ,PERNES LES FONTAINES,,Vaucluse 
564136,FOOTBALL CLUB SAINT REMY DE PROVENCE,ST REMY DE PROVENCE,,Vaucluse 
552178,GJ SPORTING CLUB OL. MONDRAGON MORNAS,MORNAS,,Vaucluse 
521407,J.S. ST ETIENNE DU GRES,ST ETIENNE DU GRES,,Vaucluse 
503382,J.S. VISANNAISE,VISAN,,Vaucluse 
560388,JEUNESSE SPORTIVE D'APT,APT,,Vaucluse 
565229,LAARAICHI ACADEMY 84,AVIGNON - MONTFAVET,,Vaucluse 
560562,LES MINOTS DU VASIO,VAISON LA ROMAINE,,Vaucluse 
564996,LORIOL FOOTBALL CLUB,LORIOL DU COMTAT,,Vaucluse 
560978,MAISON JEUNESSE ET CLUB DU VAUCLUSE,BOLLENE,,Vaucluse 
560379,MISTRAL ACADEMIE FOOTBALL,AVIGNON,,Vaucluse 
549465,NOUVELLE U.S. LACOSTOISE,LACOSTE,,Vaucluse 
504287,NYONS F.C.,NYONS,,Vaucluse 
503524,O. DE BARBENTANE,BARBENTANE,,Vaucluse 
518903,O. EYRAGUAIS,EYRAGUES,,Vaucluse 
517389,O. MONTELAIS,MONTEUX,,Vaucluse 
511521,O. NOVAIS,NOVES,,Vaucluse 
565113,OLYMPIQUE CLUB ORANGEOIS,ORANGE,,Vaucluse 
564564,OLYMPIQUE DE BONNIEUX,GARGAS,,Vaucluse 
564410,OLYMPIQUE SALTESIEN,SAULT,,Vaucluse 
564423,OLYMPIQUE SERROIS,CARPENTRAS,,Vaucluse 
582551,ORANGE F. C.,ORANGE,,Vaucluse 
510753,PAYS D'APT FOOTBALL,APT,,Vaucluse 
733476,PHENIX FEMININ CAVAILLON,CAVAILLON,,Vaucluse 
546207,R. C. B. BOLLENE,BOLLENE,,Vaucluse 
524339,R.C. DE PROVENCE,STE CECILE LES VIGNES,,Vaucluse 
503070,REV. DU GROZEAU MALAUCENE,MALAUCENE,,Vaucluse 
518019,S.O. VELLERONNAIS,VELLERON,,Vaucluse 
503280,SP.C. CAROMBAIS,CAROMB,,Vaucluse 
518016,SP.C. GADAGNIEN,CHATEAUNEUF DE GADAGNE,,Vaucluse 
503276,SP.C. MONDRAGONAIS,MONDRAGON,,Vaucluse 
520114,SP.C. MONTFAVET,AVIGNON,,Vaucluse 
517235,SP.C. ROGNONAIS,ROGNONAS,,Vaucluse 
522872,SP.O. MORNASSIEN,MORNAS,,Vaucluse 
565170,SPORTING CLUB BALMÉEN,BEAUMES DE VENISE,,Vaucluse 
564533,SPORTING CLUB LUBERON,PUYVERT,,Vaucluse 
561161,SPORTING COURTHEZON JONQUIERES,COURTHEZON,,Vaucluse 
551901,ST ANDIOL OLYMPIQUE,ST ANDIOL,,Vaucluse 
503179,ST DIDIER ESPERANCE PERNOISE,PERNES LES FONTAINES,,Vaucluse 
511731,ST. MAILLANAIS,MAILLANE,,Vaucluse 
503321,ST.O.C. VILLELAURE,VILLELAURE,,Vaucluse 
564465,STADE CABANNAIS,CABANNES,,Vaucluse 
582614,TARASCON S. C.,TARASCON,,Vaucluse 
539849,TRAVAILLAN F.C.,TRAVAILLAN,,Vaucluse 
527126,U. S. THOROISE,LE THOR,,Vaucluse 
581613,U. S. LUBERON MONTS DU VAUCLUSE,GORDES,,Vaucluse 
551902,U. S. UNE AUTRE PROVENCE,PUYMERAS,,Vaucluse 
522070,U.S. AVIGNONNAISE,AVIGNON,,Vaucluse 
511724,U.S. CADEROUSSIENNE,CADEROUSSE,,Vaucluse 
515153,U.S. GRES ORANGE,ORANGE,,Vaucluse 
518261,U.S. LAPALUTIENNE,BOLLENE,,Vaucluse 
513621,U.S. PLANAISE,PLAN D ORGON,,Vaucluse 
500528,U.S. RENAISSANCE PERTUISIENNE,PERTUIS,,Vaucluse 
518358,U.S. SERIGNANAISE,SERIGNAN DU COMTAT,,Vaucluse 
529235,U.S. SERROISE CARPENTRAS,CARPENTRAS,,Vaucluse 
526890,U.S. ST SATURNINOISE,ST SATURNIN LES AVIGNON,,Vaucluse 
503172,U.S. TOURAINE,LA TOUR D'AIGUES,,Vaucluse 
534959,UNION SPORTIVE BARTHELASSIENNE,AVIGNON,,Vaucluse 
582296,VENTOUX SUD FC BEDOIN MAZAN,MAZAN,,Vaucluse 